CHROM,POS,REF,ALT,genome,uniprot_id,transcript_id,protein_variant,am_pathogenicity,am_class
chrX,152759374,T,A,hg38,Q9Y5P2,ENST00000599845.3,W2R,0.9196,likely_pathogenic
chrX,152759374,T,C,hg38,Q9Y5P2,ENST00000599845.3,W2R,0.9196,likely_pathogenic
chrX,152759374,T,G,hg38,Q9Y5P2,ENST00000599845.3,W2G,0.4243,ambiguous
chrX,152759375,G,T,hg38,Q9Y5P2,ENST00000599845.3,W2L,0.491,ambiguous
chrX,152759375,G,C,hg38,Q9Y5P2,ENST00000599845.3,W2S,0.6622,likely_pathogenic
chrX,152759376,G,C,hg38,Q9Y5P2,ENST00000599845.3,W2C,0.8393,likely_pathogenic
chrX,152759376,G,T,hg38,Q9Y5P2,ENST00000599845.3,W2C,0.8393,likely_pathogenic
chrX,152759377,A,T,hg38,Q9Y5P2,ENST00000599845.3,M3L,0.22,likely_benign
chrX,152759377,A,C,hg38,Q9Y5P2,ENST00000599845.3,M3L,0.22,likely_benign
chrX,152759377,A,G,hg38,Q9Y5P2,ENST00000599845.3,M3V,0.153,likely_benign
chrX,152759378,T,G,hg38,Q9Y5P2,ENST00000599845.3,M3R,0.3636,ambiguous
chrX,152759378,T,A,hg38,Q9Y5P2,ENST00000599845.3,M3K,0.3537,ambiguous
chrX,152759378,T,C,hg38,Q9Y5P2,ENST00000599845.3,M3T,0.3986,ambiguous
chrX,152759379,G,A,hg38,Q9Y5P2,ENST00000599845.3,M3I,0.3971,ambiguous
chrX,152759379,G,C,hg38,Q9Y5P2,ENST00000599845.3,M3I,0.3971,ambiguous
chrX,152759379,G,T,hg38,Q9Y5P2,ENST00000599845.3,M3I,0.3971,ambiguous
chrX,152759380,G,C,hg38,Q9Y5P2,ENST00000599845.3,G4R,0.8642,likely_pathogenic
chrX,152759380,G,T,hg38,Q9Y5P2,ENST00000599845.3,G4C,0.6595,likely_pathogenic
chrX,152759380,G,A,hg38,Q9Y5P2,ENST00000599845.3,G4S,0.4877,ambiguous
chrX,152759381,G,C,hg38,Q9Y5P2,ENST00000599845.3,G4A,0.3845,ambiguous
chrX,152759381,G,A,hg38,Q9Y5P2,ENST00000599845.3,G4D,0.6525,likely_pathogenic
chrX,152759381,G,T,hg38,Q9Y5P2,ENST00000599845.3,G4V,0.5592,ambiguous
chrX,152759383,C,A,hg38,Q9Y5P2,ENST00000599845.3,L5I,0.2194,likely_benign
chrX,152759383,C,T,hg38,Q9Y5P2,ENST00000599845.3,L5F,0.3618,ambiguous
chrX,152759383,C,G,hg38,Q9Y5P2,ENST00000599845.3,L5V,0.2559,likely_benign
chrX,152759384,T,G,hg38,Q9Y5P2,ENST00000599845.3,L5R,0.6207,likely_pathogenic
chrX,152759384,T,A,hg38,Q9Y5P2,ENST00000599845.3,L5H,0.8064,likely_pathogenic
chrX,152759384,T,C,hg38,Q9Y5P2,ENST00000599845.3,L5P,0.8023,likely_pathogenic
chrX,152759386,A,C,hg38,Q9Y5P2,ENST00000599845.3,I6L,0.2611,likely_benign
chrX,152759386,A,T,hg38,Q9Y5P2,ENST00000599845.3,I6F,0.3567,ambiguous
chrX,152759386,A,G,hg38,Q9Y5P2,ENST00000599845.3,I6V,0.2818,likely_benign
chrX,152759387,T,A,hg38,Q9Y5P2,ENST00000599845.3,I6N,0.7051,likely_pathogenic
chrX,152759387,T,G,hg38,Q9Y5P2,ENST00000599845.3,I6S,0.6967,likely_pathogenic
chrX,152759387,T,C,hg38,Q9Y5P2,ENST00000599845.3,I6T,0.736,likely_pathogenic
chrX,152759388,C,G,hg38,Q9Y5P2,ENST00000599845.3,I6M,0.2985,likely_benign
chrX,152759389,C,G,hg38,Q9Y5P2,ENST00000599845.3,Q7E,0.1733,likely_benign
chrX,152759389,C,A,hg38,Q9Y5P2,ENST00000599845.3,Q7K,0.3741,ambiguous
chrX,152759390,A,G,hg38,Q9Y5P2,ENST00000599845.3,Q7R,0.331,likely_benign
chrX,152759390,A,T,hg38,Q9Y5P2,ENST00000599845.3,Q7L,0.3659,ambiguous
chrX,152759390,A,C,hg38,Q9Y5P2,ENST00000599845.3,Q7P,0.4564,ambiguous
chrX,152759391,A,T,hg38,Q9Y5P2,ENST00000599845.3,Q7H,0.5948,likely_pathogenic
chrX,152759391,A,C,hg38,Q9Y5P2,ENST00000599845.3,Q7H,0.5948,likely_pathogenic
chrX,152759392,T,A,hg38,Q9Y5P2,ENST00000599845.3,L8I,0.1789,likely_benign
chrX,152759392,T,G,hg38,Q9Y5P2,ENST00000599845.3,L8V,0.1553,likely_benign
chrX,152759393,T,C,hg38,Q9Y5P2,ENST00000599845.3,L8S,0.3346,likely_benign
chrX,152759394,A,T,hg38,Q9Y5P2,ENST00000599845.3,L8F,0.2997,likely_benign
chrX,152759394,A,C,hg38,Q9Y5P2,ENST00000599845.3,L8F,0.2997,likely_benign
chrX,152759395,G,A,hg38,Q9Y5P2,ENST00000599845.3,V9I,0.2181,likely_benign
chrX,152759395,G,C,hg38,Q9Y5P2,ENST00000599845.3,V9L,0.5488,ambiguous
chrX,152759395,G,T,hg38,Q9Y5P2,ENST00000599845.3,V9F,0.4641,ambiguous
chrX,152759396,T,C,hg38,Q9Y5P2,ENST00000599845.3,V9A,0.4002,ambiguous
chrX,152759396,T,A,hg38,Q9Y5P2,ENST00000599845.3,V9D,0.7985,likely_pathogenic
chrX,152759396,T,G,hg38,Q9Y5P2,ENST00000599845.3,V9G,0.4056,ambiguous
chrX,152759398,G,C,hg38,Q9Y5P2,ENST00000599845.3,E10Q,0.2393,likely_benign
chrX,152759398,G,A,hg38,Q9Y5P2,ENST00000599845.3,E10K,0.3,likely_benign
chrX,152759399,A,C,hg38,Q9Y5P2,ENST00000599845.3,E10A,0.2088,likely_benign
chrX,152759399,A,G,hg38,Q9Y5P2,ENST00000599845.3,E10G,0.1098,likely_benign
chrX,152759399,A,T,hg38,Q9Y5P2,ENST00000599845.3,E10V,0.4745,ambiguous
chrX,152759400,A,T,hg38,Q9Y5P2,ENST00000599845.3,E10D,0.3152,likely_benign
chrX,152759400,A,C,hg38,Q9Y5P2,ENST00000599845.3,E10D,0.3152,likely_benign
chrX,152759401,G,C,hg38,Q9Y5P2,ENST00000599845.3,G11R,0.7004,likely_pathogenic
chrX,152759401,G,T,hg38,Q9Y5P2,ENST00000599845.3,G11C,0.6229,likely_pathogenic
chrX,152759401,G,A,hg38,Q9Y5P2,ENST00000599845.3,G11S,0.3506,ambiguous
chrX,152759402,G,C,hg38,Q9Y5P2,ENST00000599845.3,G11A,0.312,likely_benign
chrX,152759402,G,A,hg38,Q9Y5P2,ENST00000599845.3,G11D,0.4,ambiguous
chrX,152759402,G,T,hg38,Q9Y5P2,ENST00000599845.3,G11V,0.4445,ambiguous
chrX,152759404,G,A,hg38,Q9Y5P2,ENST00000599845.3,V12I,0.1336,likely_benign
chrX,152759404,G,C,hg38,Q9Y5P2,ENST00000599845.3,V12L,0.3531,ambiguous
chrX,152759404,G,T,hg38,Q9Y5P2,ENST00000599845.3,V12F,0.2386,likely_benign
chrX,152759405,T,C,hg38,Q9Y5P2,ENST00000599845.3,V12A,0.4114,ambiguous
chrX,152759405,T,A,hg38,Q9Y5P2,ENST00000599845.3,V12D,0.4988,ambiguous
chrX,152759405,T,G,hg38,Q9Y5P2,ENST00000599845.3,V12G,0.2671,likely_benign
chrX,152759407,A,C,hg38,Q9Y5P2,ENST00000599845.3,K13Q,0.2575,likely_benign
chrX,152759407,A,G,hg38,Q9Y5P2,ENST00000599845.3,K13E,0.2933,likely_benign
chrX,152759408,A,G,hg38,Q9Y5P2,ENST00000599845.3,K13R,0.1178,likely_benign
chrX,152759408,A,T,hg38,Q9Y5P2,ENST00000599845.3,K13M,0.5009,ambiguous
chrX,152759408,A,C,hg38,Q9Y5P2,ENST00000599845.3,K13T,0.3966,ambiguous
chrX,152759409,G,C,hg38,Q9Y5P2,ENST00000599845.3,K13N,0.6414,likely_pathogenic
chrX,152759409,G,T,hg38,Q9Y5P2,ENST00000599845.3,K13N,0.6414,likely_pathogenic
chrX,152759410,A,G,hg38,Q9Y5P2,ENST00000599845.3,R14G,0.1913,likely_benign
chrX,152759411,G,T,hg38,Q9Y5P2,ENST00000599845.3,R14I,0.2981,likely_benign
chrX,152759411,G,A,hg38,Q9Y5P2,ENST00000599845.3,R14K,0.1557,likely_benign
chrX,152759411,G,C,hg38,Q9Y5P2,ENST00000599845.3,R14T,0.2876,likely_benign
chrX,152759412,A,T,hg38,Q9Y5P2,ENST00000599845.3,R14S,0.5094,ambiguous
chrX,152759412,A,C,hg38,Q9Y5P2,ENST00000599845.3,R14S,0.5094,ambiguous
chrX,152759413,A,C,hg38,Q9Y5P2,ENST00000599845.3,K15Q,0.198,likely_benign
chrX,152759413,A,G,hg38,Q9Y5P2,ENST00000599845.3,K15E,0.1516,likely_benign
chrX,152759414,A,G,hg38,Q9Y5P2,ENST00000599845.3,K15R,0.1017,likely_benign
chrX,152759414,A,T,hg38,Q9Y5P2,ENST00000599845.3,K15I,0.4602,ambiguous
chrX,152759414,A,C,hg38,Q9Y5P2,ENST00000599845.3,K15T,0.2017,likely_benign
chrX,152759415,A,T,hg38,Q9Y5P2,ENST00000599845.3,K15N,0.2782,likely_benign
chrX,152759415,A,C,hg38,Q9Y5P2,ENST00000599845.3,K15N,0.2782,likely_benign
chrX,152759416,G,A,hg38,Q9Y5P2,ENST00000599845.3,D16N,0.1255,likely_benign
chrX,152759416,G,C,hg38,Q9Y5P2,ENST00000599845.3,D16H,0.1783,likely_benign
chrX,152759416,G,T,hg38,Q9Y5P2,ENST00000599845.3,D16Y,0.1623,likely_benign
chrX,152759417,A,C,hg38,Q9Y5P2,ENST00000599845.3,D16A,0.2136,likely_benign
chrX,152759417,A,G,hg38,Q9Y5P2,ENST00000599845.3,D16G,0.1092,likely_benign
chrX,152759417,A,T,hg38,Q9Y5P2,ENST00000599845.3,D16V,0.2374,likely_benign
chrX,152759418,C,A,hg38,Q9Y5P2,ENST00000599845.3,D16E,0.1952,likely_benign
chrX,152759418,C,G,hg38,Q9Y5P2,ENST00000599845.3,D16E,0.1952,likely_benign
chrX,152759419,C,G,hg38,Q9Y5P2,ENST00000599845.3,Q17E,0.0764,likely_benign
chrX,152759419,C,A,hg38,Q9Y5P2,ENST00000599845.3,Q17K,0.1163,likely_benign
chrX,152759420,A,G,hg38,Q9Y5P2,ENST00000599845.3,Q17R,0.1173,likely_benign
chrX,152759420,A,T,hg38,Q9Y5P2,ENST00000599845.3,Q17L,0.2185,likely_benign
chrX,152759420,A,C,hg38,Q9Y5P2,ENST00000599845.3,Q17P,0.1718,likely_benign
chrX,152759421,A,T,hg38,Q9Y5P2,ENST00000599845.3,Q17H,0.3473,ambiguous
chrX,152759421,A,C,hg38,Q9Y5P2,ENST00000599845.3,Q17H,0.3473,ambiguous
chrX,152759422,G,C,hg38,Q9Y5P2,ENST00000599845.3,G18R,0.2405,likely_benign
chrX,152759422,G,T,hg38,Q9Y5P2,ENST00000599845.3,G18C,0.1637,likely_benign
chrX,152759422,G,A,hg38,Q9Y5P2,ENST00000599845.3,G18S,0.1163,likely_benign
chrX,152759423,G,C,hg38,Q9Y5P2,ENST00000599845.3,G18A,0.0987,likely_benign
chrX,152759423,G,A,hg38,Q9Y5P2,ENST00000599845.3,G18D,0.1624,likely_benign
chrX,152759423,G,T,hg38,Q9Y5P2,ENST00000599845.3,G18V,0.0918,likely_benign
chrX,152759425,T,A,hg38,Q9Y5P2,ENST00000599845.3,F19I,0.2849,likely_benign
chrX,152759425,T,C,hg38,Q9Y5P2,ENST00000599845.3,F19L,0.872,likely_pathogenic
chrX,152759425,T,G,hg38,Q9Y5P2,ENST00000599845.3,F19V,0.3514,ambiguous
chrX,152759426,T,G,hg38,Q9Y5P2,ENST00000599845.3,F19C,0.5517,ambiguous
chrX,152759426,T,C,hg38,Q9Y5P2,ENST00000599845.3,F19S,0.6552,likely_pathogenic
chrX,152759426,T,A,hg38,Q9Y5P2,ENST00000599845.3,F19Y,0.2367,likely_benign
chrX,152759427,C,A,hg38,Q9Y5P2,ENST00000599845.3,F19L,0.872,likely_pathogenic
chrX,152759427,C,G,hg38,Q9Y5P2,ENST00000599845.3,F19L,0.872,likely_pathogenic
chrX,152759428,C,A,hg38,Q9Y5P2,ENST00000599845.3,L20M,0.1685,likely_benign
chrX,152759428,C,G,hg38,Q9Y5P2,ENST00000599845.3,L20V,0.1178,likely_benign
chrX,152759429,T,G,hg38,Q9Y5P2,ENST00000599845.3,L20R,0.0734,likely_benign
chrX,152759429,T,A,hg38,Q9Y5P2,ENST00000599845.3,L20Q,0.0786,likely_benign
chrX,152759429,T,C,hg38,Q9Y5P2,ENST00000599845.3,L20P,0.238,likely_benign
chrX,152759431,G,C,hg38,Q9Y5P2,ENST00000599845.3,E21Q,0.3435,ambiguous
chrX,152759431,G,A,hg38,Q9Y5P2,ENST00000599845.3,E21K,0.5375,ambiguous
chrX,152759432,A,C,hg38,Q9Y5P2,ENST00000599845.3,E21A,0.5329,ambiguous
chrX,152759432,A,G,hg38,Q9Y5P2,ENST00000599845.3,E21G,0.4261,ambiguous
chrX,152759432,A,T,hg38,Q9Y5P2,ENST00000599845.3,E21V,0.6754,likely_pathogenic
chrX,152759433,A,T,hg38,Q9Y5P2,ENST00000599845.3,E21D,0.6695,likely_pathogenic
chrX,152759433,A,C,hg38,Q9Y5P2,ENST00000599845.3,E21D,0.6695,likely_pathogenic
chrX,152759434,A,C,hg38,Q9Y5P2,ENST00000599845.3,K22Q,0.3167,likely_benign
chrX,152759434,A,G,hg38,Q9Y5P2,ENST00000599845.3,K22E,0.2216,likely_benign
chrX,152759435,A,G,hg38,Q9Y5P2,ENST00000599845.3,K22R,0.1404,likely_benign
chrX,152759435,A,T,hg38,Q9Y5P2,ENST00000599845.3,K22M,0.4044,ambiguous
chrX,152759435,A,C,hg38,Q9Y5P2,ENST00000599845.3,K22T,0.3435,ambiguous
chrX,152759436,G,C,hg38,Q9Y5P2,ENST00000599845.3,K22N,0.5787,likely_pathogenic
chrX,152759436,G,T,hg38,Q9Y5P2,ENST00000599845.3,K22N,0.5787,likely_pathogenic
chrX,152759437,G,C,hg38,Q9Y5P2,ENST00000599845.3,E23Q,0.3441,ambiguous
chrX,152759437,G,A,hg38,Q9Y5P2,ENST00000599845.3,E23K,0.4895,ambiguous
chrX,152759438,A,C,hg38,Q9Y5P2,ENST00000599845.3,E23A,0.3032,likely_benign
chrX,152759438,A,G,hg38,Q9Y5P2,ENST00000599845.3,E23G,0.4014,ambiguous
chrX,152759438,A,T,hg38,Q9Y5P2,ENST00000599845.3,E23V,0.4108,ambiguous
chrX,152759439,A,T,hg38,Q9Y5P2,ENST00000599845.3,E23D,0.3504,ambiguous
chrX,152759439,A,C,hg38,Q9Y5P2,ENST00000599845.3,E23D,0.3504,ambiguous
chrX,152759440,T,A,hg38,Q9Y5P2,ENST00000599845.3,F24I,0.2526,likely_benign
chrX,152759440,T,C,hg38,Q9Y5P2,ENST00000599845.3,F24L,0.9063,likely_pathogenic
chrX,152759440,T,G,hg38,Q9Y5P2,ENST00000599845.3,F24V,0.3462,ambiguous
chrX,152759441,T,G,hg38,Q9Y5P2,ENST00000599845.3,F24C,0.6135,likely_pathogenic
chrX,152759441,T,C,hg38,Q9Y5P2,ENST00000599845.3,F24S,0.7859,likely_pathogenic
chrX,152759441,T,A,hg38,Q9Y5P2,ENST00000599845.3,F24Y,0.2312,likely_benign
chrX,152759442,C,A,hg38,Q9Y5P2,ENST00000599845.3,F24L,0.9063,likely_pathogenic
chrX,152759442,C,G,hg38,Q9Y5P2,ENST00000599845.3,F24L,0.9063,likely_pathogenic
chrX,152759443,T,A,hg38,Q9Y5P2,ENST00000599845.3,Y25N,0.21,likely_benign
chrX,152759443,T,G,hg38,Q9Y5P2,ENST00000599845.3,Y25D,0.2686,likely_benign
chrX,152759443,T,C,hg38,Q9Y5P2,ENST00000599845.3,Y25H,0.1922,likely_benign
chrX,152759444,A,G,hg38,Q9Y5P2,ENST00000599845.3,Y25C,0.1175,likely_benign
chrX,152759444,A,T,hg38,Q9Y5P2,ENST00000599845.3,Y25F,0.14,likely_benign
chrX,152759444,A,C,hg38,Q9Y5P2,ENST00000599845.3,Y25S,0.0925,likely_benign
chrX,152759446,C,A,hg38,Q9Y5P2,ENST00000599845.3,H26N,0.2227,likely_benign
chrX,152759446,C,G,hg38,Q9Y5P2,ENST00000599845.3,H26D,0.3048,likely_benign
chrX,152759446,C,T,hg38,Q9Y5P2,ENST00000599845.3,H26Y,0.1782,likely_benign
chrX,152759447,A,G,hg38,Q9Y5P2,ENST00000599845.3,H26R,0.1476,likely_benign
chrX,152759447,A,T,hg38,Q9Y5P2,ENST00000599845.3,H26L,0.2294,likely_benign
chrX,152759447,A,C,hg38,Q9Y5P2,ENST00000599845.3,H26P,0.2987,likely_benign
chrX,152759448,C,A,hg38,Q9Y5P2,ENST00000599845.3,H26Q,0.2743,likely_benign
chrX,152759448,C,G,hg38,Q9Y5P2,ENST00000599845.3,H26Q,0.2743,likely_benign
chrX,152759449,A,C,hg38,Q9Y5P2,ENST00000599845.3,K27Q,0.2161,likely_benign
chrX,152759449,A,G,hg38,Q9Y5P2,ENST00000599845.3,K27E,0.1997,likely_benign
chrX,152759450,A,G,hg38,Q9Y5P2,ENST00000599845.3,K27R,0.1204,likely_benign
chrX,152759450,A,T,hg38,Q9Y5P2,ENST00000599845.3,K27M,0.3941,ambiguous
chrX,152759450,A,C,hg38,Q9Y5P2,ENST00000599845.3,K27T,0.2771,likely_benign
chrX,152759451,G,C,hg38,Q9Y5P2,ENST00000599845.3,K27N,0.4879,ambiguous
chrX,152759451,G,T,hg38,Q9Y5P2,ENST00000599845.3,K27N,0.4879,ambiguous
chrX,152759452,A,G,hg38,Q9Y5P2,ENST00000599845.3,T28A,0.2057,likely_benign
chrX,152759452,A,C,hg38,Q9Y5P2,ENST00000599845.3,T28P,0.4398,ambiguous
chrX,152759452,A,T,hg38,Q9Y5P2,ENST00000599845.3,T28S,0.2999,likely_benign
chrX,152759453,C,A,hg38,Q9Y5P2,ENST00000599845.3,T28N,0.2681,likely_benign
chrX,152759453,C,T,hg38,Q9Y5P2,ENST00000599845.3,T28I,0.6381,likely_pathogenic
chrX,152759453,C,G,hg38,Q9Y5P2,ENST00000599845.3,T28S,0.2999,likely_benign
chrX,152759455,A,G,hg38,Q9Y5P2,ENST00000599845.3,N29D,0.1814,likely_benign
chrX,152759455,A,C,hg38,Q9Y5P2,ENST00000599845.3,N29H,0.1997,likely_benign
chrX,152759455,A,T,hg38,Q9Y5P2,ENST00000599845.3,N29Y,0.3198,likely_benign
chrX,152759456,A,T,hg38,Q9Y5P2,ENST00000599845.3,N29I,0.4886,ambiguous
chrX,152759456,A,G,hg38,Q9Y5P2,ENST00000599845.3,N29S,0.1003,likely_benign
chrX,152759456,A,C,hg38,Q9Y5P2,ENST00000599845.3,N29T,0.2267,likely_benign
chrX,152759457,C,A,hg38,Q9Y5P2,ENST00000599845.3,N29K,0.492,ambiguous
chrX,152759457,C,G,hg38,Q9Y5P2,ENST00000599845.3,N29K,0.492,ambiguous
chrX,152759458,A,T,hg38,Q9Y5P2,ENST00000599845.3,I30L,0.2424,likely_benign
chrX,152759458,A,C,hg38,Q9Y5P2,ENST00000599845.3,I30L,0.2424,likely_benign
chrX,152759458,A,G,hg38,Q9Y5P2,ENST00000599845.3,I30V,0.183,likely_benign
chrX,152759459,T,G,hg38,Q9Y5P2,ENST00000599845.3,I30R,0.4478,ambiguous
chrX,152759459,T,A,hg38,Q9Y5P2,ENST00000599845.3,I30K,0.5307,ambiguous
chrX,152759459,T,C,hg38,Q9Y5P2,ENST00000599845.3,I30T,0.5879,likely_pathogenic
chrX,152759460,A,G,hg38,Q9Y5P2,ENST00000599845.3,I30M,0.1348,likely_benign
chrX,152759461,A,C,hg38,Q9Y5P2,ENST00000599845.3,K31Q,0.187,likely_benign
chrX,152759461,A,G,hg38,Q9Y5P2,ENST00000599845.3,K31E,0.2219,likely_benign
chrX,152759462,A,G,hg38,Q9Y5P2,ENST00000599845.3,K31R,0.1103,likely_benign
chrX,152759462,A,T,hg38,Q9Y5P2,ENST00000599845.3,K31I,0.0913,likely_benign
chrX,152759462,A,C,hg38,Q9Y5P2,ENST00000599845.3,K31T,0.1483,likely_benign
chrX,152759463,A,T,hg38,Q9Y5P2,ENST00000599845.3,K31N,0.4997,ambiguous
chrX,152759463,A,C,hg38,Q9Y5P2,ENST00000599845.3,K31N,0.4997,ambiguous
chrX,152759464,A,T,hg38,Q9Y5P2,ENST00000599845.3,M32L,0.2416,likely_benign
chrX,152759464,A,C,hg38,Q9Y5P2,ENST00000599845.3,M32L,0.2416,likely_benign
chrX,152759464,A,G,hg38,Q9Y5P2,ENST00000599845.3,M32V,0.2584,likely_benign
chrX,152759465,T,G,hg38,Q9Y5P2,ENST00000599845.3,M32R,0.6458,likely_pathogenic
chrX,152759465,T,A,hg38,Q9Y5P2,ENST00000599845.3,M32K,0.6004,likely_pathogenic
chrX,152759465,T,C,hg38,Q9Y5P2,ENST00000599845.3,M32T,0.7757,likely_pathogenic
chrX,152759466,G,A,hg38,Q9Y5P2,ENST00000599845.3,M32I,0.5756,likely_pathogenic
chrX,152759466,G,C,hg38,Q9Y5P2,ENST00000599845.3,M32I,0.5756,likely_pathogenic
chrX,152759466,G,T,hg38,Q9Y5P2,ENST00000599845.3,M32I,0.5756,likely_pathogenic
chrX,152759467,C,T,hg38,Q9Y5P2,ENST00000599845.3,R33C,0.1463,likely_benign
chrX,152759467,C,G,hg38,Q9Y5P2,ENST00000599845.3,R33G,0.1286,likely_benign
chrX,152759467,C,A,hg38,Q9Y5P2,ENST00000599845.3,R33S,0.1445,likely_benign
chrX,152759468,G,A,hg38,Q9Y5P2,ENST00000599845.3,R33H,0.1079,likely_benign
chrX,152759468,G,T,hg38,Q9Y5P2,ENST00000599845.3,R33L,0.0986,likely_benign
chrX,152759468,G,C,hg38,Q9Y5P2,ENST00000599845.3,R33P,0.269,likely_benign
chrX,152759470,T,C,hg38,Q9Y5P2,ENST00000599845.3,C34R,0.2992,likely_benign
chrX,152759470,T,G,hg38,Q9Y5P2,ENST00000599845.3,C34G,0.2362,likely_benign
chrX,152759470,T,A,hg38,Q9Y5P2,ENST00000599845.3,C34S,0.4248,ambiguous
chrX,152759471,G,T,hg38,Q9Y5P2,ENST00000599845.3,C34F,0.4219,ambiguous
chrX,152759471,G,C,hg38,Q9Y5P2,ENST00000599845.3,C34S,0.4248,ambiguous
chrX,152759471,G,A,hg38,Q9Y5P2,ENST00000599845.3,C34Y,0.405,ambiguous
chrX,152759472,T,G,hg38,Q9Y5P2,ENST00000599845.3,C34W,0.4628,ambiguous
chrX,152759473,G,C,hg38,Q9Y5P2,ENST00000599845.3,E35Q,0.4692,ambiguous
chrX,152759473,G,A,hg38,Q9Y5P2,ENST00000599845.3,E35K,0.6036,likely_pathogenic
chrX,152759474,A,C,hg38,Q9Y5P2,ENST00000599845.3,E35A,0.5915,likely_pathogenic
chrX,152759474,A,G,hg38,Q9Y5P2,ENST00000599845.3,E35G,0.6669,likely_pathogenic
chrX,152759474,A,T,hg38,Q9Y5P2,ENST00000599845.3,E35V,0.7801,likely_pathogenic
chrX,152759475,G,C,hg38,Q9Y5P2,ENST00000599845.3,E35D,0.5585,ambiguous
chrX,152759475,G,T,hg38,Q9Y5P2,ENST00000599845.3,E35D,0.5585,ambiguous
chrX,152759476,T,A,hg38,Q9Y5P2,ENST00000599845.3,F36I,0.5461,ambiguous
chrX,152759476,T,C,hg38,Q9Y5P2,ENST00000599845.3,F36L,0.9664,likely_pathogenic
chrX,152759476,T,G,hg38,Q9Y5P2,ENST00000599845.3,F36V,0.5897,likely_pathogenic
chrX,152759477,T,G,hg38,Q9Y5P2,ENST00000599845.3,F36C,0.8603,likely_pathogenic
chrX,152759477,T,C,hg38,Q9Y5P2,ENST00000599845.3,F36S,0.8931,likely_pathogenic
chrX,152759477,T,A,hg38,Q9Y5P2,ENST00000599845.3,F36Y,0.2964,likely_benign
chrX,152759478,T,A,hg38,Q9Y5P2,ENST00000599845.3,F36L,0.9664,likely_pathogenic
chrX,152759478,T,G,hg38,Q9Y5P2,ENST00000599845.3,F36L,0.9664,likely_pathogenic
chrX,152759479,C,A,hg38,Q9Y5P2,ENST00000599845.3,L37I,0.2095,likely_benign
chrX,152759479,C,G,hg38,Q9Y5P2,ENST00000599845.3,L37V,0.1936,likely_benign
chrX,152759480,T,G,hg38,Q9Y5P2,ENST00000599845.3,L37R,0.3475,ambiguous
chrX,152759480,T,A,hg38,Q9Y5P2,ENST00000599845.3,L37Q,0.3524,ambiguous
chrX,152759480,T,C,hg38,Q9Y5P2,ENST00000599845.3,L37P,0.5146,ambiguous
chrX,152759482,G,C,hg38,Q9Y5P2,ENST00000599845.3,A38P,0.5728,likely_pathogenic
chrX,152759482,G,T,hg38,Q9Y5P2,ENST00000599845.3,A38S,0.191,likely_benign
chrX,152759482,G,A,hg38,Q9Y5P2,ENST00000599845.3,A38T,0.3805,ambiguous
chrX,152759483,C,A,hg38,Q9Y5P2,ENST00000599845.3,A38D,0.6412,likely_pathogenic
chrX,152759483,C,G,hg38,Q9Y5P2,ENST00000599845.3,A38G,0.3251,likely_benign
chrX,152759483,C,T,hg38,Q9Y5P2,ENST00000599845.3,A38V,0.4658,ambiguous
chrX,152759485,T,C,hg38,Q9Y5P2,ENST00000599845.3,C39R,0.8397,likely_pathogenic
chrX,152759485,T,G,hg38,Q9Y5P2,ENST00000599845.3,C39G,0.5257,ambiguous
chrX,152759485,T,A,hg38,Q9Y5P2,ENST00000599845.3,C39S,0.6444,likely_pathogenic
chrX,152759486,G,T,hg38,Q9Y5P2,ENST00000599845.3,C39F,0.5584,ambiguous
chrX,152759486,G,C,hg38,Q9Y5P2,ENST00000599845.3,C39S,0.6444,likely_pathogenic
chrX,152759486,G,A,hg38,Q9Y5P2,ENST00000599845.3,C39Y,0.7442,likely_pathogenic
chrX,152759487,C,G,hg38,Q9Y5P2,ENST00000599845.3,C39W,0.8291,likely_pathogenic
chrX,152759488,T,A,hg38,Q9Y5P2,ENST00000599845.3,W40R,0.7371,likely_pathogenic
chrX,152759488,T,C,hg38,Q9Y5P2,ENST00000599845.3,W40R,0.7371,likely_pathogenic
chrX,152759488,T,G,hg38,Q9Y5P2,ENST00000599845.3,W40G,0.4511,ambiguous
chrX,152759489,G,T,hg38,Q9Y5P2,ENST00000599845.3,W40L,0.4036,ambiguous
chrX,152759489,G,C,hg38,Q9Y5P2,ENST00000599845.3,W40S,0.4527,ambiguous
chrX,152759490,G,C,hg38,Q9Y5P2,ENST00000599845.3,W40C,0.7946,likely_pathogenic
chrX,152759490,G,T,hg38,Q9Y5P2,ENST00000599845.3,W40C,0.7946,likely_pathogenic
chrX,152759491,C,G,hg38,Q9Y5P2,ENST00000599845.3,P41A,0.3645,ambiguous
chrX,152759491,C,T,hg38,Q9Y5P2,ENST00000599845.3,P41S,0.5283,ambiguous
chrX,152759491,C,A,hg38,Q9Y5P2,ENST00000599845.3,P41T,0.4878,ambiguous
chrX,152759492,C,G,hg38,Q9Y5P2,ENST00000599845.3,P41R,0.4953,ambiguous
chrX,152759492,C,A,hg38,Q9Y5P2,ENST00000599845.3,P41H,0.562,ambiguous
chrX,152759492,C,T,hg38,Q9Y5P2,ENST00000599845.3,P41L,0.5109,ambiguous
chrX,152759494,G,C,hg38,Q9Y5P2,ENST00000599845.3,A42P,0.5488,ambiguous
chrX,152759494,G,T,hg38,Q9Y5P2,ENST00000599845.3,A42S,0.1788,likely_benign
chrX,152759494,G,A,hg38,Q9Y5P2,ENST00000599845.3,A42T,0.284,likely_benign
chrX,152759495,C,A,hg38,Q9Y5P2,ENST00000599845.3,A42D,0.6917,likely_pathogenic
chrX,152759495,C,G,hg38,Q9Y5P2,ENST00000599845.3,A42G,0.3313,likely_benign
chrX,152759495,C,T,hg38,Q9Y5P2,ENST00000599845.3,A42V,0.3468,ambiguous
chrX,152759497,T,A,hg38,Q9Y5P2,ENST00000599845.3,F43I,0.5209,ambiguous
chrX,152759497,T,C,hg38,Q9Y5P2,ENST00000599845.3,F43L,0.898,likely_pathogenic
chrX,152759497,T,G,hg38,Q9Y5P2,ENST00000599845.3,F43V,0.4814,ambiguous
chrX,152759498,T,G,hg38,Q9Y5P2,ENST00000599845.3,F43C,0.6266,likely_pathogenic
chrX,152759498,T,C,hg38,Q9Y5P2,ENST00000599845.3,F43S,0.7583,likely_pathogenic
chrX,152759498,T,A,hg38,Q9Y5P2,ENST00000599845.3,F43Y,0.3469,ambiguous
chrX,152759499,C,A,hg38,Q9Y5P2,ENST00000599845.3,F43L,0.898,likely_pathogenic
chrX,152759499,C,G,hg38,Q9Y5P2,ENST00000599845.3,F43L,0.898,likely_pathogenic
chrX,152759500,A,G,hg38,Q9Y5P2,ENST00000599845.3,T44A,0.0963,likely_benign
chrX,152759500,A,C,hg38,Q9Y5P2,ENST00000599845.3,T44P,0.1769,likely_benign
chrX,152759500,A,T,hg38,Q9Y5P2,ENST00000599845.3,T44S,0.1611,likely_benign
chrX,152759501,C,A,hg38,Q9Y5P2,ENST00000599845.3,T44N,0.2096,likely_benign
chrX,152759501,C,T,hg38,Q9Y5P2,ENST00000599845.3,T44I,0.2885,likely_benign
chrX,152759501,C,G,hg38,Q9Y5P2,ENST00000599845.3,T44S,0.1611,likely_benign
chrX,152759503,G,A,hg38,Q9Y5P2,ENST00000599845.3,V45I,0.1368,likely_benign
chrX,152759503,G,C,hg38,Q9Y5P2,ENST00000599845.3,V45L,0.2888,likely_benign
chrX,152759503,G,T,hg38,Q9Y5P2,ENST00000599845.3,V45F,0.1756,likely_benign
chrX,152759504,T,C,hg38,Q9Y5P2,ENST00000599845.3,V45A,0.17,likely_benign
chrX,152759504,T,A,hg38,Q9Y5P2,ENST00000599845.3,V45D,0.279,likely_benign
chrX,152759504,T,G,hg38,Q9Y5P2,ENST00000599845.3,V45G,0.2395,likely_benign
chrX,152759506,C,A,hg38,Q9Y5P2,ENST00000599845.3,L46M,0.1997,likely_benign
chrX,152759506,C,G,hg38,Q9Y5P2,ENST00000599845.3,L46V,0.186,likely_benign
chrX,152759507,T,G,hg38,Q9Y5P2,ENST00000599845.3,L46R,0.3202,likely_benign
chrX,152759507,T,A,hg38,Q9Y5P2,ENST00000599845.3,L46Q,0.3112,likely_benign
chrX,152759507,T,C,hg38,Q9Y5P2,ENST00000599845.3,L46P,0.3939,ambiguous
chrX,152759509,G,A,hg38,Q9Y5P2,ENST00000599845.3,G47R,0.1844,likely_benign
chrX,152759509,G,C,hg38,Q9Y5P2,ENST00000599845.3,G47R,0.1844,likely_benign
chrX,152759509,G,T,hg38,Q9Y5P2,ENST00000599845.3,G47W,0.3991,ambiguous
chrX,152759510,G,C,hg38,Q9Y5P2,ENST00000599845.3,G47A,0.1726,likely_benign
chrX,152759510,G,A,hg38,Q9Y5P2,ENST00000599845.3,G47E,0.0742,likely_benign
chrX,152759510,G,T,hg38,Q9Y5P2,ENST00000599845.3,G47V,0.2919,likely_benign
chrX,152759512,G,C,hg38,Q9Y5P2,ENST00000599845.3,E48Q,0.1878,likely_benign
chrX,152759512,G,A,hg38,Q9Y5P2,ENST00000599845.3,E48K,0.1453,likely_benign
chrX,152759513,A,C,hg38,Q9Y5P2,ENST00000599845.3,E48A,0.1968,likely_benign
chrX,152759513,A,G,hg38,Q9Y5P2,ENST00000599845.3,E48G,0.135,likely_benign
chrX,152759513,A,T,hg38,Q9Y5P2,ENST00000599845.3,E48V,0.2535,likely_benign
chrX,152759514,G,C,hg38,Q9Y5P2,ENST00000599845.3,E48D,0.0831,likely_benign
chrX,152759514,G,T,hg38,Q9Y5P2,ENST00000599845.3,E48D,0.0831,likely_benign
chrX,152759515,G,C,hg38,Q9Y5P2,ENST00000599845.3,A49P,0.2273,likely_benign
chrX,152759515,G,T,hg38,Q9Y5P2,ENST00000599845.3,A49S,0.1028,likely_benign
chrX,152759515,G,A,hg38,Q9Y5P2,ENST00000599845.3,A49T,0.1002,likely_benign
chrX,152759516,C,A,hg38,Q9Y5P2,ENST00000599845.3,A49D,0.1828,likely_benign
chrX,152759516,C,G,hg38,Q9Y5P2,ENST00000599845.3,A49G,0.1165,likely_benign
chrX,152759516,C,T,hg38,Q9Y5P2,ENST00000599845.3,A49V,0.1553,likely_benign
chrX,152759518,T,A,hg38,Q9Y5P2,ENST00000599845.3,W50R,0.1336,likely_benign
chrX,152759518,T,C,hg38,Q9Y5P2,ENST00000599845.3,W50R,0.1336,likely_benign
chrX,152759518,T,G,hg38,Q9Y5P2,ENST00000599845.3,W50G,0.071,likely_benign
chrX,152759519,G,T,hg38,Q9Y5P2,ENST00000599845.3,W50L,0.1606,likely_benign
chrX,152759519,G,C,hg38,Q9Y5P2,ENST00000599845.3,W50S,0.1298,likely_benign
chrX,152759520,G,C,hg38,Q9Y5P2,ENST00000599845.3,W50C,0.3198,likely_benign
chrX,152759520,G,T,hg38,Q9Y5P2,ENST00000599845.3,W50C,0.3198,likely_benign
chrX,152759521,A,G,hg38,Q9Y5P2,ENST00000599845.3,R51G,0.0488,likely_benign
chrX,152759522,G,T,hg38,Q9Y5P2,ENST00000599845.3,R51I,0.1849,likely_benign
chrX,152759522,G,A,hg38,Q9Y5P2,ENST00000599845.3,R51K,0.0885,likely_benign
chrX,152759522,G,C,hg38,Q9Y5P2,ENST00000599845.3,R51T,0.1154,likely_benign
chrX,152759523,A,T,hg38,Q9Y5P2,ENST00000599845.3,R51S,0.1719,likely_benign
chrX,152759523,A,C,hg38,Q9Y5P2,ENST00000599845.3,R51S,0.1719,likely_benign
chrX,152759524,G,A,hg38,Q9Y5P2,ENST00000599845.3,D52N,0.138,likely_benign
chrX,152759524,G,C,hg38,Q9Y5P2,ENST00000599845.3,D52H,0.3135,likely_benign
chrX,152759524,G,T,hg38,Q9Y5P2,ENST00000599845.3,D52Y,0.223,likely_benign
chrX,152759525,A,C,hg38,Q9Y5P2,ENST00000599845.3,D52A,0.3124,likely_benign
chrX,152759525,A,G,hg38,Q9Y5P2,ENST00000599845.3,D52G,0.1771,likely_benign
chrX,152759525,A,T,hg38,Q9Y5P2,ENST00000599845.3,D52V,0.3212,likely_benign
chrX,152759526,C,A,hg38,Q9Y5P2,ENST00000599845.3,D52E,0.2602,likely_benign
chrX,152759526,C,G,hg38,Q9Y5P2,ENST00000599845.3,D52E,0.2602,likely_benign
chrX,152759527,C,G,hg38,Q9Y5P2,ENST00000599845.3,Q53E,0.0769,likely_benign
chrX,152759527,C,A,hg38,Q9Y5P2,ENST00000599845.3,Q53K,0.1108,likely_benign
chrX,152759528,A,G,hg38,Q9Y5P2,ENST00000599845.3,Q53R,0.115,likely_benign
chrX,152759528,A,T,hg38,Q9Y5P2,ENST00000599845.3,Q53L,0.2541,likely_benign
chrX,152759528,A,C,hg38,Q9Y5P2,ENST00000599845.3,Q53P,0.1399,likely_benign
chrX,152759529,G,C,hg38,Q9Y5P2,ENST00000599845.3,Q53H,0.2819,likely_benign
chrX,152759529,G,T,hg38,Q9Y5P2,ENST00000599845.3,Q53H,0.2819,likely_benign
chrX,152759530,G,C,hg38,Q9Y5P2,ENST00000599845.3,V54L,0.2961,likely_benign
chrX,152759530,G,T,hg38,Q9Y5P2,ENST00000599845.3,V54L,0.2961,likely_benign
chrX,152759530,G,A,hg38,Q9Y5P2,ENST00000599845.3,V54M,0.2238,likely_benign
chrX,152759531,T,C,hg38,Q9Y5P2,ENST00000599845.3,V54A,0.1539,likely_benign
chrX,152759531,T,A,hg38,Q9Y5P2,ENST00000599845.3,V54E,0.1545,likely_benign
chrX,152759531,T,G,hg38,Q9Y5P2,ENST00000599845.3,V54G,0.099,likely_benign
chrX,152759533,G,A,hg38,Q9Y5P2,ENST00000599845.3,D55N,0.2174,likely_benign
chrX,152759533,G,C,hg38,Q9Y5P2,ENST00000599845.3,D55H,0.4694,ambiguous
chrX,152759533,G,T,hg38,Q9Y5P2,ENST00000599845.3,D55Y,0.3347,likely_benign
chrX,152759534,A,C,hg38,Q9Y5P2,ENST00000599845.3,D55A,0.3592,ambiguous
chrX,152759534,A,G,hg38,Q9Y5P2,ENST00000599845.3,D55G,0.3254,likely_benign
chrX,152759534,A,T,hg38,Q9Y5P2,ENST00000599845.3,D55V,0.4231,ambiguous
chrX,152759535,C,A,hg38,Q9Y5P2,ENST00000599845.3,D55E,0.404,ambiguous
chrX,152759535,C,G,hg38,Q9Y5P2,ENST00000599845.3,D55E,0.404,ambiguous
chrX,152759536,T,A,hg38,Q9Y5P2,ENST00000599845.3,W56R,0.6659,likely_pathogenic
chrX,152759536,T,C,hg38,Q9Y5P2,ENST00000599845.3,W56R,0.6659,likely_pathogenic
chrX,152759536,T,G,hg38,Q9Y5P2,ENST00000599845.3,W56G,0.2615,likely_benign
chrX,152759537,G,T,hg38,Q9Y5P2,ENST00000599845.3,W56L,0.3284,likely_benign
chrX,152759537,G,C,hg38,Q9Y5P2,ENST00000599845.3,W56S,0.3646,ambiguous
chrX,152759538,G,C,hg38,Q9Y5P2,ENST00000599845.3,W56C,0.5054,ambiguous
chrX,152759538,G,T,hg38,Q9Y5P2,ENST00000599845.3,W56C,0.5054,ambiguous
chrX,152759539,A,C,hg38,Q9Y5P2,ENST00000599845.3,S57R,0.5742,likely_pathogenic
chrX,152759539,A,T,hg38,Q9Y5P2,ENST00000599845.3,S57C,0.1803,likely_benign
chrX,152759539,A,G,hg38,Q9Y5P2,ENST00000599845.3,S57G,0.1499,likely_benign
chrX,152759540,G,A,hg38,Q9Y5P2,ENST00000599845.3,S57N,0.1895,likely_benign
chrX,152759540,G,T,hg38,Q9Y5P2,ENST00000599845.3,S57I,0.3439,ambiguous
chrX,152759540,G,C,hg38,Q9Y5P2,ENST00000599845.3,S57T,0.1762,likely_benign
chrX,152759541,T,A,hg38,Q9Y5P2,ENST00000599845.3,S57R,0.5742,likely_pathogenic
chrX,152759541,T,G,hg38,Q9Y5P2,ENST00000599845.3,S57R,0.5742,likely_pathogenic
chrX,152759542,A,G,hg38,Q9Y5P2,ENST00000599845.3,R58G,0.3276,likely_benign
chrX,152759543,G,T,hg38,Q9Y5P2,ENST00000599845.3,R58I,0.3559,ambiguous
chrX,152759543,G,A,hg38,Q9Y5P2,ENST00000599845.3,R58K,0.2358,likely_benign
chrX,152759543,G,C,hg38,Q9Y5P2,ENST00000599845.3,R58T,0.3717,ambiguous
chrX,152759544,A,T,hg38,Q9Y5P2,ENST00000599845.3,R58S,0.5586,ambiguous
chrX,152759544,A,C,hg38,Q9Y5P2,ENST00000599845.3,R58S,0.5586,ambiguous
chrX,152759545,C,A,hg38,Q9Y5P2,ENST00000599845.3,L59M,0.2415,likely_benign
chrX,152759545,C,G,hg38,Q9Y5P2,ENST00000599845.3,L59V,0.1799,likely_benign
chrX,152759546,T,G,hg38,Q9Y5P2,ENST00000599845.3,L59R,0.343,ambiguous
chrX,152759546,T,A,hg38,Q9Y5P2,ENST00000599845.3,L59Q,0.3452,ambiguous
chrX,152759546,T,C,hg38,Q9Y5P2,ENST00000599845.3,L59P,0.5669,likely_pathogenic
chrX,152759548,T,A,hg38,Q9Y5P2,ENST00000599845.3,L60M,0.23,likely_benign
chrX,152759548,T,G,hg38,Q9Y5P2,ENST00000599845.3,L60V,0.2094,likely_benign
chrX,152759549,T,C,hg38,Q9Y5P2,ENST00000599845.3,L60S,0.5067,ambiguous
chrX,152759549,T,G,hg38,Q9Y5P2,ENST00000599845.3,L60W,0.2143,likely_benign
chrX,152759550,G,C,hg38,Q9Y5P2,ENST00000599845.3,L60F,0.1615,likely_benign
chrX,152759550,G,T,hg38,Q9Y5P2,ENST00000599845.3,L60F,0.1615,likely_benign
chrX,152759551,A,G,hg38,Q9Y5P2,ENST00000599845.3,R61G,0.3675,ambiguous
chrX,152759552,G,T,hg38,Q9Y5P2,ENST00000599845.3,R61I,0.5336,ambiguous
chrX,152759552,G,A,hg38,Q9Y5P2,ENST00000599845.3,R61K,0.2223,likely_benign
chrX,152759552,G,C,hg38,Q9Y5P2,ENST00000599845.3,R61T,0.403,ambiguous
chrX,152759553,A,T,hg38,Q9Y5P2,ENST00000599845.3,R61S,0.6989,likely_pathogenic
chrX,152759553,A,C,hg38,Q9Y5P2,ENST00000599845.3,R61S,0.6989,likely_pathogenic
chrX,152759554,G,A,hg38,Q9Y5P2,ENST00000599845.3,D62N,0.3578,ambiguous
chrX,152759554,G,C,hg38,Q9Y5P2,ENST00000599845.3,D62H,0.6585,likely_pathogenic
chrX,152759554,G,T,hg38,Q9Y5P2,ENST00000599845.3,D62Y,0.4982,ambiguous
chrX,152759555,A,C,hg38,Q9Y5P2,ENST00000599845.3,D62A,0.5697,likely_pathogenic
chrX,152759555,A,G,hg38,Q9Y5P2,ENST00000599845.3,D62G,0.5322,ambiguous
chrX,152759555,A,T,hg38,Q9Y5P2,ENST00000599845.3,D62V,0.6178,likely_pathogenic
chrX,152759556,C,A,hg38,Q9Y5P2,ENST00000599845.3,D62E,0.5167,ambiguous
chrX,152759556,C,G,hg38,Q9Y5P2,ENST00000599845.3,D62E,0.5167,ambiguous
chrX,152759557,G,C,hg38,Q9Y5P2,ENST00000599845.3,A63P,0.4869,ambiguous
chrX,152759557,G,T,hg38,Q9Y5P2,ENST00000599845.3,A63S,0.1147,likely_benign
chrX,152759557,G,A,hg38,Q9Y5P2,ENST00000599845.3,A63T,0.0749,likely_benign
chrX,152759558,C,A,hg38,Q9Y5P2,ENST00000599845.3,A63D,0.3877,ambiguous
chrX,152759558,C,G,hg38,Q9Y5P2,ENST00000599845.3,A63G,0.1979,likely_benign
chrX,152759558,C,T,hg38,Q9Y5P2,ENST00000599845.3,A63V,0.1753,likely_benign
chrX,152759560,G,C,hg38,Q9Y5P2,ENST00000599845.3,G64R,0.4616,ambiguous
chrX,152759560,G,T,hg38,Q9Y5P2,ENST00000599845.3,G64C,0.4386,ambiguous
chrX,152759560,G,A,hg38,Q9Y5P2,ENST00000599845.3,G64S,0.2151,likely_benign
chrX,152759561,G,C,hg38,Q9Y5P2,ENST00000599845.3,G64A,0.3408,ambiguous
chrX,152759561,G,A,hg38,Q9Y5P2,ENST00000599845.3,G64D,0.3313,likely_benign
chrX,152759561,G,T,hg38,Q9Y5P2,ENST00000599845.3,G64V,0.5261,ambiguous
chrX,152759563,C,A,hg38,Q9Y5P2,ENST00000599845.3,L65M,0.1463,likely_benign
chrX,152759563,C,G,hg38,Q9Y5P2,ENST00000599845.3,L65V,0.0583,likely_benign
chrX,152759564,T,G,hg38,Q9Y5P2,ENST00000599845.3,L65R,0.2279,likely_benign
chrX,152759564,T,A,hg38,Q9Y5P2,ENST00000599845.3,L65Q,0.2591,likely_benign
chrX,152759564,T,C,hg38,Q9Y5P2,ENST00000599845.3,L65P,0.3789,ambiguous
chrX,152759566,G,C,hg38,Q9Y5P2,ENST00000599845.3,V66L,0.2337,likely_benign
chrX,152759566,G,T,hg38,Q9Y5P2,ENST00000599845.3,V66L,0.2337,likely_benign
chrX,152759566,G,A,hg38,Q9Y5P2,ENST00000599845.3,V66M,0.2223,likely_benign
chrX,152759567,T,C,hg38,Q9Y5P2,ENST00000599845.3,V66A,0.3678,ambiguous
chrX,152759567,T,A,hg38,Q9Y5P2,ENST00000599845.3,V66E,0.3038,likely_benign
chrX,152759567,T,G,hg38,Q9Y5P2,ENST00000599845.3,V66G,0.2406,likely_benign
chrX,152759569,A,C,hg38,Q9Y5P2,ENST00000599845.3,K67Q,0.1543,likely_benign
chrX,152759569,A,G,hg38,Q9Y5P2,ENST00000599845.3,K67E,0.1102,likely_benign
chrX,152759570,A,G,hg38,Q9Y5P2,ENST00000599845.3,K67R,0.1043,likely_benign
chrX,152759570,A,T,hg38,Q9Y5P2,ENST00000599845.3,K67M,0.2224,likely_benign
chrX,152759570,A,C,hg38,Q9Y5P2,ENST00000599845.3,K67T,0.1421,likely_benign
chrX,152759571,G,C,hg38,Q9Y5P2,ENST00000599845.3,K67N,0.1567,likely_benign
chrX,152759571,G,T,hg38,Q9Y5P2,ENST00000599845.3,K67N,0.1567,likely_benign
chrX,152759572,A,T,hg38,Q9Y5P2,ENST00000599845.3,M68L,0.3698,ambiguous
chrX,152759572,A,C,hg38,Q9Y5P2,ENST00000599845.3,M68L,0.3698,ambiguous
chrX,152759572,A,G,hg38,Q9Y5P2,ENST00000599845.3,M68V,0.2672,likely_benign
chrX,152759573,T,G,hg38,Q9Y5P2,ENST00000599845.3,M68R,0.4539,ambiguous
chrX,152759573,T,A,hg38,Q9Y5P2,ENST00000599845.3,M68K,0.4247,ambiguous
chrX,152759573,T,C,hg38,Q9Y5P2,ENST00000599845.3,M68T,0.5608,ambiguous
chrX,152759574,G,A,hg38,Q9Y5P2,ENST00000599845.3,M68I,0.633,likely_pathogenic
chrX,152759574,G,C,hg38,Q9Y5P2,ENST00000599845.3,M68I,0.633,likely_pathogenic
chrX,152759574,G,T,hg38,Q9Y5P2,ENST00000599845.3,M68I,0.633,likely_pathogenic
chrX,152759575,T,G,hg38,Q9Y5P2,ENST00000599845.3,S69A,0.1023,likely_benign
chrX,152759575,T,C,hg38,Q9Y5P2,ENST00000599845.3,S69P,0.0908,likely_benign
chrX,152759575,T,A,hg38,Q9Y5P2,ENST00000599845.3,S69T,0.1382,likely_benign
chrX,152759576,C,G,hg38,Q9Y5P2,ENST00000599845.3,S69C,0.1766,likely_benign
chrX,152759576,C,T,hg38,Q9Y5P2,ENST00000599845.3,S69F,0.3448,ambiguous
chrX,152759576,C,A,hg38,Q9Y5P2,ENST00000599845.3,S69Y,0.2515,likely_benign
chrX,152759578,A,G,hg38,Q9Y5P2,ENST00000599845.3,R70G,0.2953,likely_benign
chrX,152759578,A,T,hg38,Q9Y5P2,ENST00000599845.3,R70W,0.3036,likely_benign
chrX,152759579,G,A,hg38,Q9Y5P2,ENST00000599845.3,R70K,0.2149,likely_benign
chrX,152759579,G,T,hg38,Q9Y5P2,ENST00000599845.3,R70M,0.5063,ambiguous
chrX,152759579,G,C,hg38,Q9Y5P2,ENST00000599845.3,R70T,0.4147,ambiguous
chrX,152759580,G,C,hg38,Q9Y5P2,ENST00000599845.3,R70S,0.6416,likely_pathogenic
chrX,152759580,G,T,hg38,Q9Y5P2,ENST00000599845.3,R70S,0.6416,likely_pathogenic
chrX,152759581,A,C,hg38,Q9Y5P2,ENST00000599845.3,K71Q,0.345,ambiguous
chrX,152759581,A,G,hg38,Q9Y5P2,ENST00000599845.3,K71E,0.4262,ambiguous
chrX,152759582,A,G,hg38,Q9Y5P2,ENST00000599845.3,K71R,0.166,likely_benign
chrX,152759582,A,T,hg38,Q9Y5P2,ENST00000599845.3,K71I,0.5323,ambiguous
chrX,152759582,A,C,hg38,Q9Y5P2,ENST00000599845.3,K71T,0.45,ambiguous
chrX,152759583,A,T,hg38,Q9Y5P2,ENST00000599845.3,K71N,0.6323,likely_pathogenic
chrX,152759583,A,C,hg38,Q9Y5P2,ENST00000599845.3,K71N,0.6323,likely_pathogenic
chrX,152759584,C,G,hg38,Q9Y5P2,ENST00000599845.3,P72A,0.1452,likely_benign
chrX,152759584,C,T,hg38,Q9Y5P2,ENST00000599845.3,P72S,0.2293,likely_benign
chrX,152759584,C,A,hg38,Q9Y5P2,ENST00000599845.3,P72T,0.1801,likely_benign
chrX,152759585,C,G,hg38,Q9Y5P2,ENST00000599845.3,P72R,0.1976,likely_benign
chrX,152759585,C,A,hg38,Q9Y5P2,ENST00000599845.3,P72Q,0.2129,likely_benign
chrX,152759585,C,T,hg38,Q9Y5P2,ENST00000599845.3,P72L,0.1671,likely_benign
chrX,152759587,C,G,hg38,Q9Y5P2,ENST00000599845.3,R73G,0.2915,likely_benign
chrX,152759588,G,A,hg38,Q9Y5P2,ENST00000599845.3,R73Q,0.2043,likely_benign
chrX,152759588,G,T,hg38,Q9Y5P2,ENST00000599845.3,R73L,0.3743,ambiguous
chrX,152759588,G,C,hg38,Q9Y5P2,ENST00000599845.3,R73P,0.435,ambiguous
chrX,152759590,G,C,hg38,Q9Y5P2,ENST00000599845.3,A74P,0.1933,likely_benign
chrX,152759590,G,T,hg38,Q9Y5P2,ENST00000599845.3,A74S,0.1149,likely_benign
chrX,152759590,G,A,hg38,Q9Y5P2,ENST00000599845.3,A74T,0.1547,likely_benign
chrX,152759591,C,A,hg38,Q9Y5P2,ENST00000599845.3,A74D,0.3013,likely_benign
chrX,152759591,C,G,hg38,Q9Y5P2,ENST00000599845.3,A74G,0.1595,likely_benign
chrX,152759591,C,T,hg38,Q9Y5P2,ENST00000599845.3,A74V,0.2069,likely_benign
chrX,152759593,T,G,hg38,Q9Y5P2,ENST00000599845.3,S75A,0.1338,likely_benign
chrX,152759593,T,C,hg38,Q9Y5P2,ENST00000599845.3,S75P,0.183,likely_benign
chrX,152759593,T,A,hg38,Q9Y5P2,ENST00000599845.3,S75T,0.1608,likely_benign
chrX,152759594,C,G,hg38,Q9Y5P2,ENST00000599845.3,S75C,0.2452,likely_benign
chrX,152759594,C,T,hg38,Q9Y5P2,ENST00000599845.3,S75F,0.3105,likely_benign
chrX,152759594,C,A,hg38,Q9Y5P2,ENST00000599845.3,S75Y,0.3037,likely_benign
chrX,152759596,A,C,hg38,Q9Y5P2,ENST00000599845.3,S76R,0.5807,likely_pathogenic
chrX,152759596,A,T,hg38,Q9Y5P2,ENST00000599845.3,S76C,0.228,likely_benign
chrX,152759596,A,G,hg38,Q9Y5P2,ENST00000599845.3,S76G,0.2414,likely_benign
chrX,152759597,G,A,hg38,Q9Y5P2,ENST00000599845.3,S76N,0.3731,ambiguous
chrX,152759597,G,T,hg38,Q9Y5P2,ENST00000599845.3,S76I,0.2707,likely_benign
chrX,152759597,G,C,hg38,Q9Y5P2,ENST00000599845.3,S76T,0.1707,likely_benign
chrX,152759598,C,A,hg38,Q9Y5P2,ENST00000599845.3,S76R,0.5807,likely_pathogenic
chrX,152759598,C,G,hg38,Q9Y5P2,ENST00000599845.3,S76R,0.5807,likely_pathogenic
chrX,152759599,C,G,hg38,Q9Y5P2,ENST00000599845.3,P77A,0.1631,likely_benign
chrX,152759599,C,T,hg38,Q9Y5P2,ENST00000599845.3,P77S,0.1845,likely_benign
chrX,152759599,C,A,hg38,Q9Y5P2,ENST00000599845.3,P77T,0.183,likely_benign
chrX,152759600,C,G,hg38,Q9Y5P2,ENST00000599845.3,P77R,0.2011,likely_benign
chrX,152759600,C,A,hg38,Q9Y5P2,ENST00000599845.3,P77Q,0.2664,likely_benign
chrX,152759600,C,T,hg38,Q9Y5P2,ENST00000599845.3,P77L,0.1934,likely_benign
chrX,152759602,T,A,hg38,Q9Y5P2,ENST00000599845.3,L78M,0.1695,likely_benign
chrX,152759602,T,G,hg38,Q9Y5P2,ENST00000599845.3,L78V,0.0821,likely_benign
chrX,152759603,T,C,hg38,Q9Y5P2,ENST00000599845.3,L78S,0.1746,likely_benign
chrX,152759603,T,G,hg38,Q9Y5P2,ENST00000599845.3,L78W,0.1456,likely_benign
chrX,152759604,G,C,hg38,Q9Y5P2,ENST00000599845.3,L78F,0.0553,likely_benign
chrX,152759604,G,T,hg38,Q9Y5P2,ENST00000599845.3,L78F,0.0553,likely_benign
chrX,152759605,T,G,hg38,Q9Y5P2,ENST00000599845.3,S79A,0.1224,likely_benign
chrX,152759605,T,C,hg38,Q9Y5P2,ENST00000599845.3,S79P,0.1297,likely_benign
chrX,152759605,T,A,hg38,Q9Y5P2,ENST00000599845.3,S79T,0.1332,likely_benign
chrX,152759606,C,G,hg38,Q9Y5P2,ENST00000599845.3,S79C,0.144,likely_benign
chrX,152759606,C,T,hg38,Q9Y5P2,ENST00000599845.3,S79F,0.2863,likely_benign
chrX,152759606,C,A,hg38,Q9Y5P2,ENST00000599845.3,S79Y,0.2249,likely_benign
chrX,152759608,A,G,hg38,Q9Y5P2,ENST00000599845.3,N80D,0.1597,likely_benign
chrX,152759608,A,C,hg38,Q9Y5P2,ENST00000599845.3,N80H,0.1264,likely_benign
chrX,152759608,A,T,hg38,Q9Y5P2,ENST00000599845.3,N80Y,0.1797,likely_benign
chrX,152759609,A,T,hg38,Q9Y5P2,ENST00000599845.3,N80I,0.239,likely_benign
chrX,152759609,A,G,hg38,Q9Y5P2,ENST00000599845.3,N80S,0.0975,likely_benign
chrX,152759609,A,C,hg38,Q9Y5P2,ENST00000599845.3,N80T,0.1562,likely_benign
chrX,152759610,C,A,hg38,Q9Y5P2,ENST00000599845.3,N80K,0.13,likely_benign
chrX,152759610,C,G,hg38,Q9Y5P2,ENST00000599845.3,N80K,0.13,likely_benign
chrX,152759611,A,G,hg38,Q9Y5P2,ENST00000599845.3,N81D,0.1814,likely_benign
chrX,152759611,A,C,hg38,Q9Y5P2,ENST00000599845.3,N81H,0.1171,likely_benign
chrX,152759611,A,T,hg38,Q9Y5P2,ENST00000599845.3,N81Y,0.1831,likely_benign
chrX,152759612,A,T,hg38,Q9Y5P2,ENST00000599845.3,N81I,0.122,likely_benign
chrX,152759612,A,G,hg38,Q9Y5P2,ENST00000599845.3,N81S,0.1114,likely_benign
chrX,152759612,A,C,hg38,Q9Y5P2,ENST00000599845.3,N81T,0.1468,likely_benign
chrX,152759613,C,A,hg38,Q9Y5P2,ENST00000599845.3,N81K,0.2624,likely_benign
chrX,152759613,C,G,hg38,Q9Y5P2,ENST00000599845.3,N81K,0.2624,likely_benign
chrX,152759614,C,A,hg38,Q9Y5P2,ENST00000599845.3,H82N,0.1319,likely_benign
chrX,152759614,C,G,hg38,Q9Y5P2,ENST00000599845.3,H82D,0.2366,likely_benign
chrX,152759614,C,T,hg38,Q9Y5P2,ENST00000599845.3,H82Y,0.1433,likely_benign
chrX,152759615,A,G,hg38,Q9Y5P2,ENST00000599845.3,H82R,0.1639,likely_benign
chrX,152759615,A,T,hg38,Q9Y5P2,ENST00000599845.3,H82L,0.1434,likely_benign
chrX,152759615,A,C,hg38,Q9Y5P2,ENST00000599845.3,H82P,0.129,likely_benign
chrX,152759616,C,A,hg38,Q9Y5P2,ENST00000599845.3,H82Q,0.2788,likely_benign
chrX,152759616,C,G,hg38,Q9Y5P2,ENST00000599845.3,H82Q,0.2788,likely_benign
chrX,152759617,C,G,hg38,Q9Y5P2,ENST00000599845.3,P83A,0.1022,likely_benign
chrX,152759617,C,T,hg38,Q9Y5P2,ENST00000599845.3,P83S,0.111,likely_benign
chrX,152759617,C,A,hg38,Q9Y5P2,ENST00000599845.3,P83T,0.1014,likely_benign
chrX,152759618,C,G,hg38,Q9Y5P2,ENST00000599845.3,P83R,0.115,likely_benign
chrX,152759618,C,A,hg38,Q9Y5P2,ENST00000599845.3,P83Q,0.1286,likely_benign
chrX,152759618,C,T,hg38,Q9Y5P2,ENST00000599845.3,P83L,0.0809,likely_benign
chrX,152759620,C,G,hg38,Q9Y5P2,ENST00000599845.3,P84A,0.0718,likely_benign
chrX,152759620,C,T,hg38,Q9Y5P2,ENST00000599845.3,P84S,0.0689,likely_benign
chrX,152759620,C,A,hg38,Q9Y5P2,ENST00000599845.3,P84T,0.082,likely_benign
chrX,152759621,C,G,hg38,Q9Y5P2,ENST00000599845.3,P84R,0.1228,likely_benign
chrX,152759621,C,A,hg38,Q9Y5P2,ENST00000599845.3,P84Q,0.1335,likely_benign
chrX,152759621,C,T,hg38,Q9Y5P2,ENST00000599845.3,P84L,0.1205,likely_benign
chrX,152759623,A,G,hg38,Q9Y5P2,ENST00000599845.3,T85A,0.0987,likely_benign
chrX,152759623,A,C,hg38,Q9Y5P2,ENST00000599845.3,T85P,0.0948,likely_benign
chrX,152759623,A,T,hg38,Q9Y5P2,ENST00000599845.3,T85S,0.1366,likely_benign
chrX,152759624,C,G,hg38,Q9Y5P2,ENST00000599845.3,T85R,0.1194,likely_benign
chrX,152759624,C,T,hg38,Q9Y5P2,ENST00000599845.3,T85I,0.1473,likely_benign
chrX,152759624,C,A,hg38,Q9Y5P2,ENST00000599845.3,T85K,0.1475,likely_benign
chrX,152759626,C,G,hg38,Q9Y5P2,ENST00000599845.3,P86A,0.1021,likely_benign
chrX,152759626,C,T,hg38,Q9Y5P2,ENST00000599845.3,P86S,0.1335,likely_benign
chrX,152759626,C,A,hg38,Q9Y5P2,ENST00000599845.3,P86T,0.1136,likely_benign
chrX,152759627,C,G,hg38,Q9Y5P2,ENST00000599845.3,P86R,0.1461,likely_benign
chrX,152759627,C,A,hg38,Q9Y5P2,ENST00000599845.3,P86Q,0.1612,likely_benign
chrX,152759627,C,T,hg38,Q9Y5P2,ENST00000599845.3,P86L,0.1517,likely_benign
chrX,152759629,A,C,hg38,Q9Y5P2,ENST00000599845.3,K87Q,0.203,likely_benign
chrX,152759629,A,G,hg38,Q9Y5P2,ENST00000599845.3,K87E,0.2219,likely_benign
chrX,152759630,A,G,hg38,Q9Y5P2,ENST00000599845.3,K87R,0.0967,likely_benign
chrX,152759630,A,T,hg38,Q9Y5P2,ENST00000599845.3,K87M,0.422,ambiguous
chrX,152759630,A,C,hg38,Q9Y5P2,ENST00000599845.3,K87T,0.3187,likely_benign
chrX,152759631,G,C,hg38,Q9Y5P2,ENST00000599845.3,K87N,0.5388,ambiguous
chrX,152759631,G,T,hg38,Q9Y5P2,ENST00000599845.3,K87N,0.5388,ambiguous
chrX,152759632,A,G,hg38,Q9Y5P2,ENST00000599845.3,R88G,0.1526,likely_benign
chrX,152759632,A,T,hg38,Q9Y5P2,ENST00000599845.3,R88W,0.2253,likely_benign
chrX,152759633,G,A,hg38,Q9Y5P2,ENST00000599845.3,R88K,0.1374,likely_benign
chrX,152759633,G,T,hg38,Q9Y5P2,ENST00000599845.3,R88M,0.2768,likely_benign
chrX,152759633,G,C,hg38,Q9Y5P2,ENST00000599845.3,R88T,0.1933,likely_benign
chrX,152759634,G,C,hg38,Q9Y5P2,ENST00000599845.3,R88S,0.3313,likely_benign
chrX,152759634,G,T,hg38,Q9Y5P2,ENST00000599845.3,R88S,0.3313,likely_benign
chrX,152759635,C,G,hg38,Q9Y5P2,ENST00000599845.3,R89G,0.1414,likely_benign
chrX,152759636,G,A,hg38,Q9Y5P2,ENST00000599845.3,R89Q,0.113,likely_benign
chrX,152759636,G,T,hg38,Q9Y5P2,ENST00000599845.3,R89L,0.2274,likely_benign
chrX,152759636,G,C,hg38,Q9Y5P2,ENST00000599845.3,R89P,0.2288,likely_benign
chrX,152759638,G,A,hg38,Q9Y5P2,ENST00000599845.3,G90R,0.2235,likely_benign
chrX,152759638,G,C,hg38,Q9Y5P2,ENST00000599845.3,G90R,0.2235,likely_benign
chrX,152759639,G,C,hg38,Q9Y5P2,ENST00000599845.3,G90A,0.1446,likely_benign
chrX,152759639,G,A,hg38,Q9Y5P2,ENST00000599845.3,G90E,0.2182,likely_benign
chrX,152759639,G,T,hg38,Q9Y5P2,ENST00000599845.3,G90V,0.1478,likely_benign
chrX,152759641,A,C,hg38,Q9Y5P2,ENST00000599845.3,S91R,0.0715,likely_benign
chrX,152759641,A,T,hg38,Q9Y5P2,ENST00000599845.3,S91C,0.1137,likely_benign
chrX,152759641,A,G,hg38,Q9Y5P2,ENST00000599845.3,S91G,0.0748,likely_benign
chrX,152759642,G,A,hg38,Q9Y5P2,ENST00000599845.3,S91N,0.128,likely_benign
chrX,152759642,G,T,hg38,Q9Y5P2,ENST00000599845.3,S91I,0.137,likely_benign
chrX,152759642,G,C,hg38,Q9Y5P2,ENST00000599845.3,S91T,0.0915,likely_benign
chrX,152759643,T,A,hg38,Q9Y5P2,ENST00000599845.3,S91R,0.0715,likely_benign
chrX,152759643,T,G,hg38,Q9Y5P2,ENST00000599845.3,S91R,0.0715,likely_benign
chrX,152759644,G,A,hg38,Q9Y5P2,ENST00000599845.3,G92R,0.1174,likely_benign
chrX,152759644,G,C,hg38,Q9Y5P2,ENST00000599845.3,G92R,0.1174,likely_benign
chrX,152759645,G,C,hg38,Q9Y5P2,ENST00000599845.3,G92A,0.1394,likely_benign
chrX,152759645,G,A,hg38,Q9Y5P2,ENST00000599845.3,G92E,0.1666,likely_benign
chrX,152759645,G,T,hg38,Q9Y5P2,ENST00000599845.3,G92V,0.1546,likely_benign
chrX,152759647,A,G,hg38,Q9Y5P2,ENST00000599845.3,R93G,0.1758,likely_benign
chrX,152759647,A,T,hg38,Q9Y5P2,ENST00000599845.3,R93W,0.2438,likely_benign
chrX,152759648,G,A,hg38,Q9Y5P2,ENST00000599845.3,R93K,0.0695,likely_benign
chrX,152759648,G,T,hg38,Q9Y5P2,ENST00000599845.3,R93M,0.2649,likely_benign
chrX,152759648,G,C,hg38,Q9Y5P2,ENST00000599845.3,R93T,0.2282,likely_benign
chrX,152759649,G,C,hg38,Q9Y5P2,ENST00000599845.3,R93S,0.3952,ambiguous
chrX,152759649,G,T,hg38,Q9Y5P2,ENST00000599845.3,R93S,0.3952,ambiguous
chrX,152759650,C,A,hg38,Q9Y5P2,ENST00000599845.3,H94N,0.1799,likely_benign
chrX,152759650,C,G,hg38,Q9Y5P2,ENST00000599845.3,H94D,0.29,likely_benign
chrX,152759650,C,T,hg38,Q9Y5P2,ENST00000599845.3,H94Y,0.1407,likely_benign
chrX,152759651,A,G,hg38,Q9Y5P2,ENST00000599845.3,H94R,0.1509,likely_benign
chrX,152759651,A,T,hg38,Q9Y5P2,ENST00000599845.3,H94L,0.1615,likely_benign
chrX,152759651,A,C,hg38,Q9Y5P2,ENST00000599845.3,H94P,0.098,likely_benign
chrX,152759652,T,A,hg38,Q9Y5P2,ENST00000599845.3,H94Q,0.2327,likely_benign
chrX,152759652,T,G,hg38,Q9Y5P2,ENST00000599845.3,H94Q,0.2327,likely_benign
chrX,152759653,C,G,hg38,Q9Y5P2,ENST00000599845.3,P95A,0.1032,likely_benign
chrX,152759653,C,T,hg38,Q9Y5P2,ENST00000599845.3,P95S,0.1074,likely_benign
chrX,152759653,C,A,hg38,Q9Y5P2,ENST00000599845.3,P95T,0.1142,likely_benign
chrX,152759654,C,G,hg38,Q9Y5P2,ENST00000599845.3,P95R,0.1165,likely_benign
chrX,152759654,C,A,hg38,Q9Y5P2,ENST00000599845.3,P95H,0.1222,likely_benign
chrX,152759654,C,T,hg38,Q9Y5P2,ENST00000599845.3,P95L,0.1268,likely_benign
chrX,152759656,C,A,hg38,Q9Y5P2,ENST00000599845.3,L96I,0.1197,likely_benign
chrX,152759656,C,T,hg38,Q9Y5P2,ENST00000599845.3,L96F,0.1735,likely_benign
chrX,152759656,C,G,hg38,Q9Y5P2,ENST00000599845.3,L96V,0.1045,likely_benign
chrX,152759657,T,G,hg38,Q9Y5P2,ENST00000599845.3,L96R,0.106,likely_benign
chrX,152759657,T,A,hg38,Q9Y5P2,ENST00000599845.3,L96H,0.2165,likely_benign
chrX,152759657,T,C,hg38,Q9Y5P2,ENST00000599845.3,L96P,0.13,likely_benign
chrX,152759659,A,G,hg38,Q9Y5P2,ENST00000599845.3,N97D,0.3083,likely_benign
chrX,152759659,A,C,hg38,Q9Y5P2,ENST00000599845.3,N97H,0.14,likely_benign
chrX,152759659,A,T,hg38,Q9Y5P2,ENST00000599845.3,N97Y,0.1521,likely_benign
chrX,152759660,A,T,hg38,Q9Y5P2,ENST00000599845.3,N97I,0.0859,likely_benign
chrX,152759660,A,G,hg38,Q9Y5P2,ENST00000599845.3,N97S,0.1409,likely_benign
chrX,152759660,A,C,hg38,Q9Y5P2,ENST00000599845.3,N97T,0.1738,likely_benign
chrX,152759661,C,A,hg38,Q9Y5P2,ENST00000599845.3,N97K,0.2458,likely_benign
chrX,152759661,C,G,hg38,Q9Y5P2,ENST00000599845.3,N97K,0.2458,likely_benign
chrX,152759662,C,G,hg38,Q9Y5P2,ENST00000599845.3,P98A,0.1004,likely_benign
chrX,152759662,C,T,hg38,Q9Y5P2,ENST00000599845.3,P98S,0.1349,likely_benign
chrX,152759662,C,A,hg38,Q9Y5P2,ENST00000599845.3,P98T,0.1093,likely_benign
chrX,152759663,C,G,hg38,Q9Y5P2,ENST00000599845.3,P98R,0.1038,likely_benign
chrX,152759663,C,A,hg38,Q9Y5P2,ENST00000599845.3,P98H,0.1492,likely_benign
chrX,152759663,C,T,hg38,Q9Y5P2,ENST00000599845.3,P98L,0.1176,likely_benign
chrX,152759665,G,C,hg38,Q9Y5P2,ENST00000599845.3,G99R,0.379,ambiguous
chrX,152759665,G,T,hg38,Q9Y5P2,ENST00000599845.3,G99C,0.3696,ambiguous
chrX,152759665,G,A,hg38,Q9Y5P2,ENST00000599845.3,G99S,0.2082,likely_benign
chrX,152759666,G,C,hg38,Q9Y5P2,ENST00000599845.3,G99A,0.2135,likely_benign
chrX,152759666,G,A,hg38,Q9Y5P2,ENST00000599845.3,G99D,0.4296,ambiguous
chrX,152759666,G,T,hg38,Q9Y5P2,ENST00000599845.3,G99V,0.2484,likely_benign
chrX,152759668,C,G,hg38,Q9Y5P2,ENST00000599845.3,P100A,0.1211,likely_benign
chrX,152759668,C,T,hg38,Q9Y5P2,ENST00000599845.3,P100S,0.2081,likely_benign
chrX,152759668,C,A,hg38,Q9Y5P2,ENST00000599845.3,P100T,0.1502,likely_benign
chrX,152759669,C,G,hg38,Q9Y5P2,ENST00000599845.3,P100R,0.0914,likely_benign
chrX,152759669,C,A,hg38,Q9Y5P2,ENST00000599845.3,P100Q,0.1474,likely_benign
chrX,152759669,C,T,hg38,Q9Y5P2,ENST00000599845.3,P100L,0.1775,likely_benign
chrX,152759671,G,C,hg38,Q9Y5P2,ENST00000599845.3,E101Q,0.1828,likely_benign
chrX,152759671,G,A,hg38,Q9Y5P2,ENST00000599845.3,E101K,0.1665,likely_benign
chrX,152759672,A,C,hg38,Q9Y5P2,ENST00000599845.3,E101A,0.1574,likely_benign
chrX,152759672,A,G,hg38,Q9Y5P2,ENST00000599845.3,E101G,0.1223,likely_benign
chrX,152759672,A,T,hg38,Q9Y5P2,ENST00000599845.3,E101V,0.2658,likely_benign
chrX,152759673,A,T,hg38,Q9Y5P2,ENST00000599845.3,E101D,0.2423,likely_benign
chrX,152759673,A,C,hg38,Q9Y5P2,ENST00000599845.3,E101D,0.2423,likely_benign
chrX,152759674,G,C,hg38,Q9Y5P2,ENST00000599845.3,A102P,0.2802,likely_benign
chrX,152759674,G,T,hg38,Q9Y5P2,ENST00000599845.3,A102S,0.1468,likely_benign
chrX,152759674,G,A,hg38,Q9Y5P2,ENST00000599845.3,A102T,0.1933,likely_benign
chrX,152759675,C,A,hg38,Q9Y5P2,ENST00000599845.3,A102D,0.2953,likely_benign
chrX,152759675,C,G,hg38,Q9Y5P2,ENST00000599845.3,A102G,0.1878,likely_benign
chrX,152759675,C,T,hg38,Q9Y5P2,ENST00000599845.3,A102V,0.2321,likely_benign
chrX,152759677,C,A,hg38,Q9Y5P2,ENST00000599845.3,L103I,0.1232,likely_benign
chrX,152759677,C,G,hg38,Q9Y5P2,ENST00000599845.3,L103V,0.1192,likely_benign
chrX,152759678,T,G,hg38,Q9Y5P2,ENST00000599845.3,L103R,0.1657,likely_benign
chrX,152759678,T,A,hg38,Q9Y5P2,ENST00000599845.3,L103Q,0.1921,likely_benign
chrX,152759678,T,C,hg38,Q9Y5P2,ENST00000599845.3,L103P,0.1918,likely_benign
chrX,152759680,T,G,hg38,Q9Y5P2,ENST00000599845.3,S104A,0.1526,likely_benign
chrX,152759680,T,C,hg38,Q9Y5P2,ENST00000599845.3,S104P,0.2107,likely_benign
chrX,152759680,T,A,hg38,Q9Y5P2,ENST00000599845.3,S104T,0.1774,likely_benign
chrX,152759681,C,T,hg38,Q9Y5P2,ENST00000599845.3,S104L,0.2606,likely_benign
chrX,152759683,A,C,hg38,Q9Y5P2,ENST00000599845.3,K105Q,0.2306,likely_benign
chrX,152759683,A,G,hg38,Q9Y5P2,ENST00000599845.3,K105E,0.3134,likely_benign
chrX,152759684,A,G,hg38,Q9Y5P2,ENST00000599845.3,K105R,0.0649,likely_benign
chrX,152759684,A,T,hg38,Q9Y5P2,ENST00000599845.3,K105M,0.4067,ambiguous
chrX,152759684,A,C,hg38,Q9Y5P2,ENST00000599845.3,K105T,0.3242,likely_benign
chrX,152759843,G,C,hg38,Q9Y5P2,ENST00000599845.3,K105N,0.552,ambiguous
chrX,152759843,G,T,hg38,Q9Y5P2,ENST00000599845.3,K105N,0.552,ambiguous
chrX,152759844,T,A,hg38,Q9Y5P2,ENST00000599845.3,F106I,0.3439,ambiguous
chrX,152759844,T,C,hg38,Q9Y5P2,ENST00000599845.3,F106L,0.907,likely_pathogenic
chrX,152759844,T,G,hg38,Q9Y5P2,ENST00000599845.3,F106V,0.3771,ambiguous
chrX,152759845,T,G,hg38,Q9Y5P2,ENST00000599845.3,F106C,0.6448,likely_pathogenic
chrX,152759845,T,C,hg38,Q9Y5P2,ENST00000599845.3,F106S,0.457,ambiguous
chrX,152759845,T,A,hg38,Q9Y5P2,ENST00000599845.3,F106Y,0.17,likely_benign
chrX,152759846,C,A,hg38,Q9Y5P2,ENST00000599845.3,F106L,0.907,likely_pathogenic
chrX,152759846,C,G,hg38,Q9Y5P2,ENST00000599845.3,F106L,0.907,likely_pathogenic
chrX,152759847,C,G,hg38,Q9Y5P2,ENST00000599845.3,P107A,0.183,likely_benign
chrX,152759847,C,T,hg38,Q9Y5P2,ENST00000599845.3,P107S,0.1914,likely_benign
chrX,152759847,C,A,hg38,Q9Y5P2,ENST00000599845.3,P107T,0.1984,likely_benign
chrX,152759848,C,G,hg38,Q9Y5P2,ENST00000599845.3,P107R,0.1466,likely_benign
chrX,152759848,C,A,hg38,Q9Y5P2,ENST00000599845.3,P107Q,0.1574,likely_benign
chrX,152759848,C,T,hg38,Q9Y5P2,ENST00000599845.3,P107L,0.2124,likely_benign
chrX,152759850,A,G,hg38,Q9Y5P2,ENST00000599845.3,R108G,0.3176,likely_benign
chrX,152759851,G,T,hg38,Q9Y5P2,ENST00000599845.3,R108I,0.3971,ambiguous
chrX,152759851,G,A,hg38,Q9Y5P2,ENST00000599845.3,R108K,0.1965,likely_benign
chrX,152759851,G,C,hg38,Q9Y5P2,ENST00000599845.3,R108T,0.4561,ambiguous
chrX,152759852,A,T,hg38,Q9Y5P2,ENST00000599845.3,R108S,0.657,likely_pathogenic
chrX,152759852,A,C,hg38,Q9Y5P2,ENST00000599845.3,R108S,0.657,likely_pathogenic
chrX,152759853,C,G,hg38,Q9Y5P2,ENST00000599845.3,Q109E,0.1686,likely_benign
chrX,152759853,C,A,hg38,Q9Y5P2,ENST00000599845.3,Q109K,0.1608,likely_benign
chrX,152759854,A,G,hg38,Q9Y5P2,ENST00000599845.3,Q109R,0.1984,likely_benign
chrX,152759854,A,T,hg38,Q9Y5P2,ENST00000599845.3,Q109L,0.2378,likely_benign
chrX,152759854,A,C,hg38,Q9Y5P2,ENST00000599845.3,Q109P,0.1724,likely_benign
chrX,152759855,A,T,hg38,Q9Y5P2,ENST00000599845.3,Q109H,0.433,ambiguous
chrX,152759855,A,C,hg38,Q9Y5P2,ENST00000599845.3,Q109H,0.433,ambiguous
chrX,152759856,C,G,hg38,Q9Y5P2,ENST00000599845.3,P110A,0.1032,likely_benign
chrX,152759856,C,T,hg38,Q9Y5P2,ENST00000599845.3,P110S,0.1953,likely_benign
chrX,152759856,C,A,hg38,Q9Y5P2,ENST00000599845.3,P110T,0.126,likely_benign
chrX,152759857,C,G,hg38,Q9Y5P2,ENST00000599845.3,P110R,0.0635,likely_benign
chrX,152759857,C,A,hg38,Q9Y5P2,ENST00000599845.3,P110H,0.1573,likely_benign
chrX,152759857,C,T,hg38,Q9Y5P2,ENST00000599845.3,P110L,0.156,likely_benign
chrX,152759859,G,A,hg38,Q9Y5P2,ENST00000599845.3,G111R,0.0854,likely_benign
chrX,152759859,G,C,hg38,Q9Y5P2,ENST00000599845.3,G111R,0.0854,likely_benign
chrX,152759860,G,C,hg38,Q9Y5P2,ENST00000599845.3,G111A,0.1263,likely_benign
chrX,152759860,G,A,hg38,Q9Y5P2,ENST00000599845.3,G111E,0.1437,likely_benign
chrX,152759860,G,T,hg38,Q9Y5P2,ENST00000599845.3,G111V,0.1397,likely_benign
chrX,152759862,A,G,hg38,Q9Y5P2,ENST00000599845.3,R112G,0.2237,likely_benign
chrX,152759862,A,T,hg38,Q9Y5P2,ENST00000599845.3,R112W,0.2837,likely_benign
chrX,152759863,G,A,hg38,Q9Y5P2,ENST00000599845.3,R112K,0.1363,likely_benign
chrX,152759863,G,T,hg38,Q9Y5P2,ENST00000599845.3,R112M,0.3699,ambiguous
chrX,152759863,G,C,hg38,Q9Y5P2,ENST00000599845.3,R112T,0.2753,likely_benign
chrX,152759864,G,C,hg38,Q9Y5P2,ENST00000599845.3,R112S,0.5813,likely_pathogenic
chrX,152759864,G,T,hg38,Q9Y5P2,ENST00000599845.3,R112S,0.5813,likely_pathogenic
chrX,152759865,G,C,hg38,Q9Y5P2,ENST00000599845.3,E113Q,0.1592,likely_benign
chrX,152759865,G,A,hg38,Q9Y5P2,ENST00000599845.3,E113K,0.1807,likely_benign
chrX,152759866,A,C,hg38,Q9Y5P2,ENST00000599845.3,E113A,0.2415,likely_benign
chrX,152759866,A,G,hg38,Q9Y5P2,ENST00000599845.3,E113G,0.137,likely_benign
chrX,152759866,A,T,hg38,Q9Y5P2,ENST00000599845.3,E113V,0.2896,likely_benign
chrX,152759867,A,T,hg38,Q9Y5P2,ENST00000599845.3,E113D,0.2475,likely_benign
chrX,152759867,A,C,hg38,Q9Y5P2,ENST00000599845.3,E113D,0.2475,likely_benign
chrX,152759868,A,C,hg38,Q9Y5P2,ENST00000599845.3,K114Q,0.2742,likely_benign
chrX,152759868,A,G,hg38,Q9Y5P2,ENST00000599845.3,K114E,0.2119,likely_benign
chrX,152759869,A,G,hg38,Q9Y5P2,ENST00000599845.3,K114R,0.1215,likely_benign
chrX,152759869,A,T,hg38,Q9Y5P2,ENST00000599845.3,K114M,0.4008,ambiguous
chrX,152759869,A,C,hg38,Q9Y5P2,ENST00000599845.3,K114T,0.2789,likely_benign
chrX,152759870,G,C,hg38,Q9Y5P2,ENST00000599845.3,K114N,0.4511,ambiguous
chrX,152759870,G,T,hg38,Q9Y5P2,ENST00000599845.3,K114N,0.4511,ambiguous
chrX,152759871,G,A,hg38,Q9Y5P2,ENST00000599845.3,G115R,0.2919,likely_benign
chrX,152759871,G,C,hg38,Q9Y5P2,ENST00000599845.3,G115R,0.2919,likely_benign
chrX,152759872,G,C,hg38,Q9Y5P2,ENST00000599845.3,G115A,0.1523,likely_benign
chrX,152759872,G,A,hg38,Q9Y5P2,ENST00000599845.3,G115E,0.1516,likely_benign
chrX,152759872,G,T,hg38,Q9Y5P2,ENST00000599845.3,G115V,0.1303,likely_benign
chrX,152759874,C,G,hg38,Q9Y5P2,ENST00000599845.3,P116A,0.105,likely_benign
chrX,152759874,C,T,hg38,Q9Y5P2,ENST00000599845.3,P116S,0.1519,likely_benign
chrX,152759874,C,A,hg38,Q9Y5P2,ENST00000599845.3,P116T,0.1139,likely_benign
chrX,152759875,C,G,hg38,Q9Y5P2,ENST00000599845.3,P116R,0.1299,likely_benign
chrX,152759875,C,A,hg38,Q9Y5P2,ENST00000599845.3,P116H,0.1758,likely_benign
chrX,152759875,C,T,hg38,Q9Y5P2,ENST00000599845.3,P116L,0.1429,likely_benign
chrX,152759877,A,C,hg38,Q9Y5P2,ENST00000599845.3,I117L,0.1009,likely_benign
chrX,152759877,A,T,hg38,Q9Y5P2,ENST00000599845.3,I117F,0.1297,likely_benign
chrX,152759877,A,G,hg38,Q9Y5P2,ENST00000599845.3,I117V,0.0586,likely_benign
chrX,152759878,T,A,hg38,Q9Y5P2,ENST00000599845.3,I117N,0.1203,likely_benign
chrX,152759878,T,G,hg38,Q9Y5P2,ENST00000599845.3,I117S,0.1218,likely_benign
chrX,152759878,T,C,hg38,Q9Y5P2,ENST00000599845.3,I117T,0.1037,likely_benign
chrX,152759879,C,G,hg38,Q9Y5P2,ENST00000599845.3,I117M,0.1,likely_benign
chrX,152759880,A,C,hg38,Q9Y5P2,ENST00000599845.3,K118Q,0.1658,likely_benign
chrX,152759880,A,G,hg38,Q9Y5P2,ENST00000599845.3,K118E,0.1618,likely_benign
chrX,152759881,A,G,hg38,Q9Y5P2,ENST00000599845.3,K118R,0.0958,likely_benign
chrX,152759881,A,T,hg38,Q9Y5P2,ENST00000599845.3,K118M,0.3414,ambiguous
chrX,152759881,A,C,hg38,Q9Y5P2,ENST00000599845.3,K118T,0.2124,likely_benign
chrX,152759882,G,C,hg38,Q9Y5P2,ENST00000599845.3,K118N,0.5254,ambiguous
chrX,152759882,G,T,hg38,Q9Y5P2,ENST00000599845.3,K118N,0.5254,ambiguous
chrX,152759883,G,C,hg38,Q9Y5P2,ENST00000599845.3,E119Q,0.2244,likely_benign
chrX,152759883,G,A,hg38,Q9Y5P2,ENST00000599845.3,E119K,0.2032,likely_benign
chrX,152759884,A,C,hg38,Q9Y5P2,ENST00000599845.3,E119A,0.1507,likely_benign
chrX,152759884,A,G,hg38,Q9Y5P2,ENST00000599845.3,E119G,0.1366,likely_benign
chrX,152759884,A,T,hg38,Q9Y5P2,ENST00000599845.3,E119V,0.2214,likely_benign
chrX,152759885,A,T,hg38,Q9Y5P2,ENST00000599845.3,E119D,0.1731,likely_benign
chrX,152759885,A,C,hg38,Q9Y5P2,ENST00000599845.3,E119D,0.1731,likely_benign
chrX,152759886,G,A,hg38,Q9Y5P2,ENST00000599845.3,V120I,0.1177,likely_benign
chrX,152759886,G,C,hg38,Q9Y5P2,ENST00000599845.3,V120L,0.2825,likely_benign
chrX,152759886,G,T,hg38,Q9Y5P2,ENST00000599845.3,V120F,0.1663,likely_benign
chrX,152759887,T,C,hg38,Q9Y5P2,ENST00000599845.3,V120A,0.2599,likely_benign
chrX,152759887,T,A,hg38,Q9Y5P2,ENST00000599845.3,V120D,0.2288,likely_benign
chrX,152759887,T,G,hg38,Q9Y5P2,ENST00000599845.3,V120G,0.1691,likely_benign
chrX,152759889,C,G,hg38,Q9Y5P2,ENST00000599845.3,P121A,0.1013,likely_benign
chrX,152759889,C,T,hg38,Q9Y5P2,ENST00000599845.3,P121S,0.1624,likely_benign
chrX,152759889,C,A,hg38,Q9Y5P2,ENST00000599845.3,P121T,0.1208,likely_benign
chrX,152759890,C,G,hg38,Q9Y5P2,ENST00000599845.3,P121R,0.1502,likely_benign
chrX,152759890,C,A,hg38,Q9Y5P2,ENST00000599845.3,P121Q,0.1788,likely_benign
chrX,152759890,C,T,hg38,Q9Y5P2,ENST00000599845.3,P121L,0.1513,likely_benign
chrX,152759892,G,A,hg38,Q9Y5P2,ENST00000599845.3,G122R,0.1924,likely_benign
chrX,152759892,G,C,hg38,Q9Y5P2,ENST00000599845.3,G122R,0.1924,likely_benign
chrX,152759893,G,C,hg38,Q9Y5P2,ENST00000599845.3,G122A,0.1346,likely_benign
chrX,152759893,G,A,hg38,Q9Y5P2,ENST00000599845.3,G122E,0.1415,likely_benign
chrX,152759893,G,T,hg38,Q9Y5P2,ENST00000599845.3,G122V,0.1475,likely_benign
chrX,152759895,A,G,hg38,Q9Y5P2,ENST00000599845.3,T123A,0.1247,likely_benign
chrX,152759895,A,C,hg38,Q9Y5P2,ENST00000599845.3,T123P,0.1311,likely_benign
chrX,152759895,A,T,hg38,Q9Y5P2,ENST00000599845.3,T123S,0.1801,likely_benign
chrX,152759896,C,G,hg38,Q9Y5P2,ENST00000599845.3,T123R,0.1224,likely_benign
chrX,152759896,C,T,hg38,Q9Y5P2,ENST00000599845.3,T123I,0.2487,likely_benign
chrX,152759896,C,A,hg38,Q9Y5P2,ENST00000599845.3,T123K,0.1511,likely_benign
chrX,152759898,A,C,hg38,Q9Y5P2,ENST00000599845.3,K124Q,0.1637,likely_benign
chrX,152759898,A,G,hg38,Q9Y5P2,ENST00000599845.3,K124E,0.1092,likely_benign
chrX,152759899,A,G,hg38,Q9Y5P2,ENST00000599845.3,K124R,0.0888,likely_benign
chrX,152759899,A,T,hg38,Q9Y5P2,ENST00000599845.3,K124I,0.3472,ambiguous
chrX,152759899,A,C,hg38,Q9Y5P2,ENST00000599845.3,K124T,0.1452,likely_benign
chrX,152759900,A,T,hg38,Q9Y5P2,ENST00000599845.3,K124N,0.3769,ambiguous
chrX,152759900,A,C,hg38,Q9Y5P2,ENST00000599845.3,K124N,0.3769,ambiguous
chrX,152759901,G,C,hg38,Q9Y5P2,ENST00000599845.3,G125R,0.1858,likely_benign
chrX,152759901,G,T,hg38,Q9Y5P2,ENST00000599845.3,G125C,0.1579,likely_benign
chrX,152759901,G,A,hg38,Q9Y5P2,ENST00000599845.3,G125S,0.0946,likely_benign
chrX,152759902,G,C,hg38,Q9Y5P2,ENST00000599845.3,G125A,0.0597,likely_benign
chrX,152759902,G,A,hg38,Q9Y5P2,ENST00000599845.3,G125D,0.1263,likely_benign
chrX,152759902,G,T,hg38,Q9Y5P2,ENST00000599845.3,G125V,0.0597,likely_benign
chrX,152759904,T,G,hg38,Q9Y5P2,ENST00000599845.3,S126A,0.1282,likely_benign
chrX,152759904,T,C,hg38,Q9Y5P2,ENST00000599845.3,S126P,0.177,likely_benign
chrX,152759904,T,A,hg38,Q9Y5P2,ENST00000599845.3,S126T,0.1125,likely_benign
chrX,152759905,C,G,hg38,Q9Y5P2,ENST00000599845.3,S126C,0.1543,likely_benign
chrX,152759905,C,T,hg38,Q9Y5P2,ENST00000599845.3,S126F,0.1296,likely_benign
chrX,152759905,C,A,hg38,Q9Y5P2,ENST00000599845.3,S126Y,0.1614,likely_benign
chrX,152759907,C,G,hg38,Q9Y5P2,ENST00000599845.3,P127A,0.1095,likely_benign
chrX,152759907,C,T,hg38,Q9Y5P2,ENST00000599845.3,P127S,0.1491,likely_benign
chrX,152759907,C,A,hg38,Q9Y5P2,ENST00000599845.3,P127T,0.1272,likely_benign
chrX,152759908,C,G,hg38,Q9Y5P2,ENST00000599845.3,P127R,0.1809,likely_benign
chrX,152759908,C,A,hg38,Q9Y5P2,ENST00000599845.3,P127H,0.2424,likely_benign
chrX,152759908,C,T,hg38,Q9Y5P2,ENST00000599845.3,P127L,0.1677,likely_benign
